ID,effort1,effort2,effort3,effort4,effort5,effort6,effort7,effort8
24,3.9,3.9,3.9,3.9,10.14,10.14,10.14,10.14
54,3.9,3.9,3.9,3.9,10.14,10.14,10.14,10.14
161,3.9,3.9,3.9,3.9,10.14,10.14,10.14,10.14
200,3.9,3.9,3.9,3.9,10.14,10.14,10.14,10.14
201,3.9,3.9,3.9,3.9,10.14,10.14,10.14,10.14
202,3.9,3.9,3.9,3.9,10.14,10.14,10.14,10.14
203,3.9,3.9,3.9,3.9,10.14,10.14,10.14,10.14
204,3.9,3.9,3.9,3.9,10.14,10.14,10.14,10.14
205,3.9,3.9,3.9,3.9,10.14,10.14,10.14,10.14
206,3.9,3.9,3.9,3.9,10.14,10.14,10.14,10.14
207,3.9,3.9,3.9,3.9,10.14,10.14,10.14,10.14
208,3.9,3.9,3.9,3.9,10.14,10.14,10.14,10.14
209,3.9,3.9,3.9,3.9,10.14,10.14,10.14,10.14
210,3.9,3.9,3.9,3.9,10.14,10.14,10.14,10.14
211,3.9,3.9,3.9,3.9,10.14,10.14,10.14,10.14
212,3.9,3.9,3.9,3.9,10.14,10.14,10.14,10.14
213,3.9,3.9,3.9,3.9,10.14,10.14,10.14,10.14
214,3.9,3.9,3.9,3.9,10.14,10.14,10.14,10.14
215,3.9,3.9,3.9,3.9,10.14,10.14,10.14,10.14
216,3.9,3.9,3.9,3.9,10.14,10.14,10.14,10.14
217,3.9,3.9,3.9,3.9,10.14,10.14,10.14,10.14
218,3.9,3.9,3.9,3.9,10.14,10.14,10.14,10.14
219,3.9,3.9,3.9,3.9,10.14,10.14,10.14,10.14
220,3.9,3.9,3.9,3.9,10.14,10.14,10.14,10.14
221,3.9,3.9,3.9,3.9,10.14,10.14,10.14,10.14
222,3.9,3.9,3.9,3.9,10.14,10.14,10.14,10.14
223,3.9,3.9,3.9,3.9,10.14,10.14,10.14,10.14
224,3.9,3.9,3.9,3.9,10.14,10.14,10.14,10.14
225,3.9,3.9,3.9,3.9,10.14,10.14,10.14,10.14
226,3.9,3.9,3.9,3.9,10.14,10.14,10.14,10.14
227,3.9,3.9,3.9,3.9,10.14,10.14,10.14,10.14
228,3.9,3.9,3.9,3.9,10.14,10.14,10.14,10.14
229,3.9,3.9,3.9,3.9,10.14,10.14,10.14,10.14
230,3.9,3.9,3.9,3.9,10.14,10.14,10.14,10.14
231,3.9,3.9,3.9,3.9,10.14,10.14,10.14,10.14
232,3.9,3.9,3.9,3.9,10.14,10.14,10.14,10.14
233,3.9,3.9,3.9,3.9,10.14,10.14,10.14,10.14
234,3.9,3.9,3.9,3.9,10.14,10.14,10.14,10.14
240,3.9,3.9,3.9,3.9,10.14,10.14,10.14,10.14
256,3.9,3.9,3.9,3.9,10.14,10.14,10.14,10.14
258,3.9,3.9,3.9,3.9,10.14,10.14,10.14,10.14
259,3.9,3.9,3.9,3.9,10.14,10.14,10.14,10.14
260,3.9,3.9,3.9,3.9,10.14,10.14,10.14,10.14
261,3.9,3.9,3.9,3.9,10.14,10.14,10.14,10.14
262,3.9,3.9,3.9,3.9,10.14,10.14,10.14,10.14
263,3.9,3.9,3.9,3.9,10.14,10.14,10.14,10.14
264,3.9,3.9,3.9,3.9,10.14,10.14,10.14,10.14
265,3.9,3.9,3.9,3.9,10.14,10.14,10.14,10.14
266,3.9,3.9,3.9,3.9,10.14,10.14,10.14,10.14
267,3.9,3.9,3.9,3.9,10.14,10.14,10.14,10.14
268,3.9,3.9,3.9,3.9,10.14,10.14,10.14,10.14
269,3.9,3.9,3.9,3.9,10.14,10.14,10.14,10.14
270,3.9,3.9,3.9,3.9,10.14,10.14,10.14,10.14
271,3.9,3.9,3.9,3.9,10.14,10.14,10.14,10.14
272,3.9,3.9,3.9,3.9,10.14,10.14,10.14,10.14
273,3.9,3.9,3.9,3.9,10.14,10.14,10.14,10.14
274,3.9,3.9,3.9,3.9,10.14,10.14,10.14,10.14
275,3.9,3.9,3.9,3.9,10.14,10.14,10.14,10.14
276,3.9,3.9,3.9,3.9,10.14,10.14,10.14,10.14
277,3.9,3.9,3.9,3.9,10.14,10.14,10.14,10.14
278,3.9,3.9,3.9,3.9,10.14,10.14,10.14,10.14
279,3.9,3.9,3.9,3.9,10.14,10.14,10.14,10.14
281,3.9,3.9,3.9,3.9,10.14,10.14,10.14,10.14
282,3.9,3.9,3.9,3.9,10.14,10.14,10.14,10.14
283,3.9,3.9,3.9,3.9,10.14,10.14,10.14,10.14
284,3.9,3.9,3.9,3.9,10.14,10.14,10.14,10.14
285,3.9,3.9,3.9,3.9,10.14,10.14,10.14,10.14
286,3.9,3.9,3.9,3.9,10.14,10.14,10.14,10.14
287,3.9,3.9,3.9,3.9,10.14,10.14,10.14,10.14
288,3.9,3.9,3.9,3.9,10.14,10.14,10.14,10.14
289,3.9,3.9,3.9,3.9,10.14,10.14,10.14,10.14
290,3.9,3.9,3.9,3.9,10.14,10.14,10.14,10.14
291,3.9,3.9,3.9,3.9,10.14,10.14,10.14,10.14
292,3.9,3.9,3.9,3.9,10.14,10.14,10.14,10.14
293,3.9,3.9,3.9,3.9,10.14,10.14,10.14,10.14
294,3.9,3.9,3.9,3.9,10.14,10.14,10.14,10.14
295,3.9,3.9,3.9,3.9,10.14,10.14,10.14,10.14
296,3.9,3.9,3.9,3.9,10.14,10.14,10.14,10.14
297,3.9,3.9,3.9,3.9,10.14,10.14,10.14,10.14
298,3.9,3.9,3.9,3.9,10.14,10.14,10.14,10.14
299,3.9,3.9,3.9,3.9,10.14,10.14,10.14,10.14
300,3.9,3.9,3.9,3.9,10.14,10.14,10.14,10.14
302,3.9,3.9,3.9,3.9,10.14,10.14,10.14,10.14
304,3.9,3.9,3.9,3.9,10.14,10.14,10.14,10.14
310,3.9,3.9,3.9,3.9,10.14,10.14,10.14,10.14
317,3.9,3.9,3.9,3.9,10.14,10.14,10.14,10.14
320,3.9,3.9,3.9,3.9,10.14,10.14,10.14,10.14
321,3.9,3.9,3.9,3.9,10.14,10.14,10.14,10.14
322,3.9,3.9,3.9,3.9,10.14,10.14,10.14,10.14
325,3.9,3.9,3.9,3.9,10.14,10.14,10.14,10.14
330,3.9,3.9,3.9,3.9,10.14,10.14,10.14,10.14
332,3.9,3.9,3.9,3.9,10.14,10.14,10.14,10.14
336,3.9,3.9,3.9,3.9,10.14,10.14,10.14,10.14
338,3.9,3.9,3.9,3.9,10.14,10.14,10.14,10.14
339,3.9,3.9,3.9,3.9,10.14,10.14,10.14,10.14
340,3.9,3.9,3.9,3.9,10.14,10.14,10.14,10.14
345,3.9,3.9,3.9,3.9,10.14,10.14,10.14,10.14
346,3.9,3.9,3.9,3.9,10.14,10.14,10.14,10.14
348,3.9,3.9,3.9,3.9,10.14,10.14,10.14,10.14
349,3.9,3.9,3.9,3.9,10.14,10.14,10.14,10.14
356,3.9,3.9,3.9,3.9,10.14,10.14,10.14,10.14
357,3.9,3.9,3.9,3.9,10.14,10.14,10.14,10.14
359,3.9,3.9,3.9,3.9,10.14,10.14,10.14,10.14
362,3.9,3.9,3.9,3.9,10.14,10.14,10.14,10.14
364,3.9,3.9,3.9,3.9,10.14,10.14,10.14,10.14
365,3.9,3.9,3.9,3.9,10.14,10.14,10.14,10.14
370,3.9,3.9,3.9,3.9,10.14,10.14,10.14,10.14
371,3.9,3.9,3.9,3.9,10.14,10.14,10.14,10.14
374,3.9,3.9,3.9,3.9,10.14,10.14,10.14,10.14
379,3.9,3.9,3.9,3.9,10.14,10.14,10.14,10.14
380,3.9,3.9,3.9,3.9,10.14,10.14,10.14,10.14
381,3.9,3.9,3.9,3.9,10.14,10.14,10.14,10.14
386,3.9,3.9,3.9,3.9,10.14,10.14,10.14,10.14
387,3.9,3.9,3.9,3.9,10.14,10.14,10.14,10.14
392,3.9,3.9,3.9,3.9,10.14,10.14,10.14,10.14
397,3.9,3.9,3.9,3.9,10.14,10.14,10.14,10.14
408,3.9,3.9,3.9,3.9,10.14,10.14,10.14,10.14
418,3.9,3.9,3.9,3.9,10.14,10.14,10.14,10.14
419,3.9,3.9,3.9,3.9,10.14,10.14,10.14,10.14
424,3.9,3.9,3.9,3.9,10.14,10.14,10.14,10.14
425,3.9,3.9,3.9,3.9,10.14,10.14,10.14,10.14
426,3.9,3.9,3.9,3.9,10.14,10.14,10.14,10.14
428,3.9,3.9,3.9,3.9,10.14,10.14,10.14,10.14
429,3.9,3.9,3.9,3.9,10.14,10.14,10.14,10.14
431,3.9,3.9,3.9,3.9,10.14,10.14,10.14,10.14
435,3.9,3.9,3.9,3.9,10.14,10.14,10.14,10.14
436,3.9,3.9,3.9,3.9,10.14,10.14,10.14,10.14
437,3.9,3.9,3.9,3.9,10.14,10.14,10.14,10.14
441,3.9,3.9,3.9,3.9,10.14,10.14,10.14,10.14
442,3.9,3.9,3.9,3.9,10.14,10.14,10.14,10.14
443,3.9,3.9,3.9,3.9,10.14,10.14,10.14,10.14
444,3.9,3.9,3.9,3.9,10.14,10.14,10.14,10.14
445,3.9,3.9,3.9,3.9,10.14,10.14,10.14,10.14
446,3.9,3.9,3.9,3.9,10.14,10.14,10.14,10.14
448,3.9,3.9,3.9,3.9,10.14,10.14,10.14,10.14
450,3.9,3.9,3.9,3.9,10.14,10.14,10.14,10.14
453,3.9,3.9,3.9,3.9,10.14,10.14,10.14,10.14
454,3.9,3.9,3.9,3.9,10.14,10.14,10.14,10.14
455,3.9,3.9,3.9,3.9,10.14,10.14,10.14,10.14
457,3.9,3.9,3.9,3.9,10.14,10.14,10.14,10.14
458,3.9,3.9,3.9,3.9,10.14,10.14,10.14,10.14
459,3.9,3.9,3.9,3.9,10.14,10.14,10.14,10.14
460,3.9,3.9,3.9,3.9,10.14,10.14,10.14,10.14
462,3.9,3.9,3.9,3.9,10.14,10.14,10.14,10.14
463,3.9,3.9,3.9,3.9,10.14,10.14,10.14,10.14
464,3.9,3.9,3.9,3.9,10.14,10.14,10.14,10.14
466,3.9,3.9,3.9,3.9,10.14,10.14,10.14,10.14
467,3.9,3.9,3.9,3.9,10.14,10.14,10.14,10.14
468,3.9,3.9,3.9,3.9,10.14,10.14,10.14,10.14
470,3.9,3.9,3.9,3.9,10.14,10.14,10.14,10.14
481,3.9,3.9,3.9,3.9,10.14,10.14,10.14,10.14
486,3.9,3.9,3.9,3.9,10.14,10.14,10.14,10.14
491,3.9,3.9,3.9,3.9,10.14,10.14,10.14,10.14
493,3.9,3.9,3.9,3.9,10.14,10.14,10.14,10.14
496,3.9,3.9,3.9,3.9,10.14,10.14,10.14,10.14
498,3.9,3.9,3.9,3.9,10.14,10.14,10.14,10.14
499,3.9,3.9,3.9,3.9,10.14,10.14,10.14,10.14
502,3.9,3.9,3.9,3.9,10.14,10.14,10.14,10.14
503,3.9,3.9,3.9,3.9,10.14,10.14,10.14,10.14
504,3.9,3.9,3.9,3.9,10.14,10.14,10.14,10.14
505,3.9,3.9,3.9,3.9,10.14,10.14,10.14,10.14
507,3.9,3.9,3.9,3.9,10.14,10.14,10.14,10.14
508,3.9,3.9,3.9,3.9,10.14,10.14,10.14,10.14
509,3.9,3.9,3.9,3.9,10.14,10.14,10.14,10.14
510,3.9,3.9,3.9,3.9,10.14,10.14,10.14,10.14
513,3.9,3.9,3.9,3.9,10.14,10.14,10.14,10.14
516,3.9,3.9,3.9,3.9,10.14,10.14,10.14,10.14
520,3.9,3.9,3.9,3.9,10.14,10.14,10.14,10.14
521,3.9,3.9,3.9,3.9,10.14,10.14,10.14,10.14
522,3.9,3.9,3.9,3.9,10.14,10.14,10.14,10.14
524,3.9,3.9,3.9,3.9,10.14,10.14,10.14,10.14
530,3.9,3.9,3.9,3.9,10.14,10.14,10.14,10.14
539,3.9,3.9,3.9,3.9,10.14,10.14,10.14,10.14
546,3.9,3.9,3.9,3.9,10.14,10.14,10.14,10.14
554,3.9,3.9,3.9,3.9,10.14,10.14,10.14,10.14
556,3.9,3.9,3.9,3.9,10.14,10.14,10.14,10.14
557,3.9,3.9,3.9,3.9,10.14,10.14,10.14,10.14
559,3.9,3.9,3.9,3.9,10.14,10.14,10.14,10.14
561,3.9,3.9,3.9,3.9,10.14,10.14,10.14,10.14
564,3.9,3.9,3.9,3.9,10.14,10.14,10.14,10.14
570,3.9,3.9,3.9,3.9,10.14,10.14,10.14,10.14
588,3.9,3.9,3.9,3.9,10.14,10.14,10.14,10.14
595,3.9,3.9,3.9,3.9,10.14,10.14,10.14,10.14
597,3.9,3.9,3.9,3.9,10.14,10.14,10.14,10.14
608,3.9,3.9,3.9,3.9,10.14,10.14,10.14,10.14
611,3.9,3.9,3.9,3.9,10.14,10.14,10.14,10.14
617,3.9,3.9,3.9,3.9,10.14,10.14,10.14,10.14
626,3.9,3.9,3.9,3.9,10.14,10.14,10.14,10.14
627,3.9,3.9,3.9,3.9,10.14,10.14,10.14,10.14
629,3.9,3.9,3.9,3.9,10.14,10.14,10.14,10.14
635,3.9,3.9,3.9,3.9,10.14,10.14,10.14,10.14
638,3.9,3.9,3.9,3.9,10.14,10.14,10.14,10.14
645,3.9,3.9,3.9,3.9,10.14,10.14,10.14,10.14
659,3.9,3.9,3.9,3.9,10.14,10.14,10.14,10.14
666,3.9,3.9,3.9,3.9,10.14,10.14,10.14,10.14
668,3.9,3.9,3.9,3.9,10.14,10.14,10.14,10.14
669,3.9,3.9,3.9,3.9,10.14,10.14,10.14,10.14
671,3.9,3.9,3.9,3.9,10.14,10.14,10.14,10.14
672,3.9,3.9,3.9,3.9,10.14,10.14,10.14,10.14
676,3.9,3.9,3.9,3.9,10.14,10.14,10.14,10.14
678,3.9,3.9,3.9,3.9,10.14,10.14,10.14,10.14
679,3.9,3.9,3.9,3.9,10.14,10.14,10.14,10.14
680,3.9,3.9,3.9,3.9,10.14,10.14,10.14,10.14
681,3.9,3.9,3.9,3.9,10.14,10.14,10.14,10.14
682,3.9,3.9,3.9,3.9,10.14,10.14,10.14,10.14
683,3.9,3.9,3.9,3.9,10.14,10.14,10.14,10.14
684,3.9,3.9,3.9,3.9,10.14,10.14,10.14,10.14
685,3.9,3.9,3.9,3.9,10.14,10.14,10.14,10.14
686,3.9,3.9,3.9,3.9,10.14,10.14,10.14,10.14
687,3.9,3.9,3.9,3.9,10.14,10.14,10.14,10.14
688,3.9,3.9,3.9,3.9,10.14,10.14,10.14,10.14
692,3.9,3.9,3.9,3.9,10.14,10.14,10.14,10.14
693,3.9,3.9,3.9,3.9,10.14,10.14,10.14,10.14
695,3.9,3.9,3.9,3.9,10.14,10.14,10.14,10.14
696,3.9,3.9,3.9,3.9,10.14,10.14,10.14,10.14
701,3.9,3.9,3.9,3.9,10.14,10.14,10.14,10.14
702,3.9,3.9,3.9,3.9,10.14,10.14,10.14,10.14
704,3.9,3.9,3.9,3.9,10.14,10.14,10.14,10.14
705,3.9,3.9,3.9,3.9,10.14,10.14,10.14,10.14
709,3.9,3.9,3.9,3.9,10.14,10.14,10.14,10.14
710,3.9,3.9,3.9,3.9,10.14,10.14,10.14,10.14
712,3.9,3.9,3.9,3.9,10.14,10.14,10.14,10.14
713,3.9,3.9,3.9,3.9,10.14,10.14,10.14,10.14
716,3.9,3.9,3.9,3.9,10.14,10.14,10.14,10.14
717,3.9,3.9,3.9,3.9,10.14,10.14,10.14,10.14
718,3.9,3.9,3.9,3.9,10.14,10.14,10.14,10.14
719,3.9,3.9,3.9,3.9,10.14,10.14,10.14,10.14
721,3.9,3.9,3.9,3.9,10.14,10.14,10.14,10.14
723,3.9,3.9,3.9,3.9,10.14,10.14,10.14,10.14
724,3.9,3.9,3.9,3.9,10.14,10.14,10.14,10.14
725,3.9,3.9,3.9,3.9,10.14,10.14,10.14,10.14
726,3.9,3.9,3.9,3.9,10.14,10.14,10.14,10.14
727,3.9,3.9,3.9,3.9,10.14,10.14,10.14,10.14
728,3.9,3.9,3.9,3.9,10.14,10.14,10.14,10.14
729,3.9,3.9,3.9,3.9,10.14,10.14,10.14,10.14
730,3.9,3.9,3.9,3.9,10.14,10.14,10.14,10.14
731,3.9,3.9,3.9,3.9,10.14,10.14,10.14,10.14
732,3.9,3.9,3.9,3.9,10.14,10.14,10.14,10.14
733,3.9,3.9,3.9,3.9,10.14,10.14,10.14,10.14
734,3.9,3.9,3.9,3.9,10.14,10.14,10.14,10.14
736,3.9,3.9,3.9,3.9,10.14,10.14,10.14,10.14
737,3.9,3.9,3.9,3.9,10.14,10.14,10.14,10.14
738,3.9,3.9,3.9,3.9,10.14,10.14,10.14,10.14
739,3.9,3.9,3.9,3.9,10.14,10.14,10.14,10.14
741,3.9,3.9,3.9,3.9,10.14,10.14,10.14,10.14
742,3.9,3.9,3.9,3.9,10.14,10.14,10.14,10.14
743,3.9,3.9,3.9,3.9,10.14,10.14,10.14,10.14
744,3.9,3.9,3.9,3.9,10.14,10.14,10.14,10.14
745,3.9,3.9,3.9,3.9,10.14,10.14,10.14,10.14
747,3.9,3.9,3.9,3.9,10.14,10.14,10.14,10.14
748,3.9,3.9,3.9,3.9,10.14,10.14,10.14,10.14
749,3.9,3.9,3.9,3.9,10.14,10.14,10.14,10.14
751,3.9,3.9,3.9,3.9,10.14,10.14,10.14,10.14
752,3.9,3.9,3.9,3.9,10.14,10.14,10.14,10.14
753,3.9,3.9,3.9,3.9,10.14,10.14,10.14,10.14
754,3.9,3.9,3.9,3.9,10.14,10.14,10.14,10.14
755,3.9,3.9,3.9,3.9,10.14,10.14,10.14,10.14
756,3.9,3.9,3.9,3.9,10.14,10.14,10.14,10.14
758,3.9,3.9,3.9,3.9,10.14,10.14,10.14,10.14
759,3.9,3.9,3.9,3.9,10.14,10.14,10.14,10.14
760,3.9,3.9,3.9,3.9,10.14,10.14,10.14,10.14
761,3.9,3.9,3.9,3.9,10.14,10.14,10.14,10.14
762,3.9,3.9,3.9,3.9,10.14,10.14,10.14,10.14
765,3.9,3.9,3.9,3.9,10.14,10.14,10.14,10.14
766,3.9,3.9,3.9,3.9,10.14,10.14,10.14,10.14
767,3.9,3.9,3.9,3.9,10.14,10.14,10.14,10.14
768,3.9,3.9,3.9,3.9,10.14,10.14,10.14,10.14
769,3.9,3.9,3.9,3.9,10.14,10.14,10.14,10.14
770,3.9,3.9,3.9,3.9,10.14,10.14,10.14,10.14
771,3.9,3.9,3.9,3.9,10.14,10.14,10.14,10.14
772,3.9,3.9,3.9,3.9,10.14,10.14,10.14,10.14
773,3.9,3.9,3.9,3.9,10.14,10.14,10.14,10.14
774,3.9,3.9,3.9,3.9,10.14,10.14,10.14,10.14
775,3.9,3.9,3.9,3.9,10.14,10.14,10.14,10.14
776,3.9,3.9,3.9,3.9,10.14,10.14,10.14,10.14
777,3.9,3.9,3.9,3.9,10.14,10.14,10.14,10.14
778,3.9,3.9,3.9,3.9,10.14,10.14,10.14,10.14
779,3.9,3.9,3.9,3.9,10.14,10.14,10.14,10.14
780,3.9,3.9,3.9,3.9,10.14,10.14,10.14,10.14
781,3.9,3.9,3.9,3.9,10.14,10.14,10.14,10.14
782,3.9,3.9,3.9,3.9,10.14,10.14,10.14,10.14
783,3.9,3.9,3.9,3.9,10.14,10.14,10.14,10.14
784,3.9,3.9,3.9,3.9,10.14,10.14,10.14,10.14
785,3.9,3.9,3.9,3.9,10.14,10.14,10.14,10.14
786,3.9,3.9,3.9,3.9,10.14,10.14,10.14,10.14
787,3.9,3.9,3.9,3.9,10.14,10.14,10.14,10.14
788,3.9,3.9,3.9,3.9,10.14,10.14,10.14,10.14
789,3.9,3.9,3.9,3.9,10.14,10.14,10.14,10.14
790,3.9,3.9,3.9,3.9,10.14,10.14,10.14,10.14
791,3.9,3.9,3.9,3.9,10.14,10.14,10.14,10.14
792,3.9,3.9,3.9,3.9,10.14,10.14,10.14,10.14
793,3.9,3.9,3.9,3.9,10.14,10.14,10.14,10.14
794,3.9,3.9,3.9,3.9,10.14,10.14,10.14,10.14
795,3.9,3.9,3.9,3.9,10.14,10.14,10.14,10.14
796,3.9,3.9,3.9,3.9,10.14,10.14,10.14,10.14
797,3.9,3.9,3.9,3.9,10.14,10.14,10.14,10.14
798,3.9,3.9,3.9,3.9,10.14,10.14,10.14,10.14
799,3.9,3.9,3.9,3.9,10.14,10.14,10.14,10.14
800,3.9,3.9,3.9,3.9,10.14,10.14,10.14,10.14
802,3.9,3.9,3.9,3.9,10.14,10.14,10.14,10.14
803,3.9,3.9,3.9,3.9,10.14,10.14,10.14,10.14
804,3.9,3.9,3.9,3.9,10.14,10.14,10.14,10.14
805,3.9,3.9,3.9,3.9,10.14,10.14,10.14,10.14
806,3.9,3.9,3.9,3.9,10.14,10.14,10.14,10.14
807,3.9,3.9,3.9,3.9,10.14,10.14,10.14,10.14
808,3.9,3.9,3.9,3.9,10.14,10.14,10.14,10.14
809,3.9,3.9,3.9,3.9,10.14,10.14,10.14,10.14
810,3.9,3.9,3.9,3.9,10.14,10.14,10.14,10.14
811,3.9,3.9,3.9,3.9,10.14,10.14,10.14,10.14
812,3.9,3.9,3.9,3.9,10.14,10.14,10.14,10.14
814,3.9,3.9,3.9,3.9,10.14,10.14,10.14,10.14
815,3.9,3.9,3.9,3.9,10.14,10.14,10.14,10.14
816,3.9,3.9,3.9,3.9,10.14,10.14,10.14,10.14
817,3.9,3.9,3.9,3.9,10.14,10.14,10.14,10.14
818,3.9,3.9,3.9,3.9,10.14,10.14,10.14,10.14
819,3.9,3.9,3.9,3.9,10.14,10.14,10.14,10.14
820,3.9,3.9,3.9,3.9,10.14,10.14,10.14,10.14
821,3.9,3.9,3.9,3.9,10.14,10.14,10.14,10.14
831,3.9,3.9,3.9,3.9,10.14,10.14,10.14,10.14
833,3.9,3.9,3.9,3.9,10.14,10.14,10.14,10.14
834,3.9,3.9,3.9,3.9,10.14,10.14,10.14,10.14
835,3.9,3.9,3.9,3.9,10.14,10.14,10.14,10.14
836,3.9,3.9,3.9,3.9,10.14,10.14,10.14,10.14
837,3.9,3.9,3.9,3.9,10.14,10.14,10.14,10.14
838,3.9,3.9,3.9,3.9,10.14,10.14,10.14,10.14
839,3.9,3.9,3.9,3.9,10.14,10.14,10.14,10.14
840,3.9,3.9,3.9,3.9,10.14,10.14,10.14,10.14
841,3.9,3.9,3.9,3.9,10.14,10.14,10.14,10.14
842,3.9,3.9,3.9,3.9,10.14,10.14,10.14,10.14
843,3.9,3.9,3.9,3.9,10.14,10.14,10.14,10.14
844,3.9,3.9,3.9,3.9,10.14,10.14,10.14,10.14
845,3.9,3.9,3.9,3.9,10.14,10.14,10.14,10.14
846,3.9,3.9,3.9,3.9,10.14,10.14,10.14,10.14
847,3.9,3.9,3.9,3.9,10.14,10.14,10.14,10.14
848,3.9,3.9,3.9,3.9,10.14,10.14,10.14,10.14
849,3.9,3.9,3.9,3.9,10.14,10.14,10.14,10.14
850,3.9,3.9,3.9,3.9,10.14,10.14,10.14,10.14
851,3.9,3.9,3.9,3.9,10.14,10.14,10.14,10.14
852,3.9,3.9,3.9,3.9,10.14,10.14,10.14,10.14
853,3.9,3.9,3.9,3.9,10.14,10.14,10.14,10.14
854,3.9,3.9,3.9,3.9,10.14,10.14,10.14,10.14
855,3.9,3.9,3.9,3.9,10.14,10.14,10.14,10.14
856,3.9,3.9,3.9,3.9,10.14,10.14,10.14,10.14
857,3.9,3.9,3.9,3.9,10.14,10.14,10.14,10.14
858,3.9,3.9,3.9,3.9,10.14,10.14,10.14,10.14
859,3.9,3.9,3.9,3.9,10.14,10.14,10.14,10.14
860,3.9,3.9,3.9,3.9,10.14,10.14,10.14,10.14
862,3.9,3.9,3.9,3.9,10.14,10.14,10.14,10.14
863,3.9,3.9,3.9,3.9,10.14,10.14,10.14,10.14
872,3.9,3.9,3.9,3.9,10.14,10.14,10.14,10.14
873,3.9,3.9,3.9,3.9,10.14,10.14,10.14,10.14
874,3.9,3.9,3.9,3.9,10.14,10.14,10.14,10.14
875,3.9,3.9,3.9,3.9,10.14,10.14,10.14,10.14
876,3.9,3.9,3.9,3.9,10.14,10.14,10.14,10.14
877,3.9,3.9,3.9,3.9,10.14,10.14,10.14,10.14
878,3.9,3.9,3.9,3.9,10.14,10.14,10.14,10.14
879,3.9,3.9,3.9,3.9,10.14,10.14,10.14,10.14
880,3.9,3.9,3.9,3.9,10.14,10.14,10.14,10.14
881,3.9,3.9,3.9,3.9,10.14,10.14,10.14,10.14
882,3.9,3.9,3.9,3.9,10.14,10.14,10.14,10.14
883,3.9,3.9,3.9,3.9,10.14,10.14,10.14,10.14
884,3.9,3.9,3.9,3.9,10.14,10.14,10.14,10.14
885,3.9,3.9,3.9,3.9,10.14,10.14,10.14,10.14
886,3.9,3.9,3.9,3.9,10.14,10.14,10.14,10.14
887,3.9,3.9,3.9,3.9,10.14,10.14,10.14,10.14
888,3.9,3.9,3.9,3.9,10.14,10.14,10.14,10.14
889,3.9,3.9,3.9,3.9,10.14,10.14,10.14,10.14
890,3.9,3.9,3.9,3.9,10.14,10.14,10.14,10.14
891,3.9,3.9,3.9,3.9,10.14,10.14,10.14,10.14
892,3.9,3.9,3.9,3.9,10.14,10.14,10.14,10.14
893,3.9,3.9,3.9,3.9,10.14,10.14,10.14,10.14
894,3.9,3.9,3.9,3.9,10.14,10.14,10.14,10.14
895,3.9,3.9,3.9,3.9,10.14,10.14,10.14,10.14
898,3.9,3.9,3.9,3.9,10.14,10.14,10.14,10.14
902,3.9,3.9,3.9,3.9,10.14,10.14,10.14,10.14
906,3.9,3.9,3.9,3.9,10.14,10.14,10.14,10.14
907,3.9,3.9,3.9,3.9,10.14,10.14,10.14,10.14
909,3.9,3.9,3.9,3.9,10.14,10.14,10.14,10.14
918,3.9,3.9,3.9,3.9,10.14,10.14,10.14,10.14
920,3.9,3.9,3.9,3.9,10.14,10.14,10.14,10.14
922,3.9,3.9,3.9,3.9,10.14,10.14,10.14,10.14
923,3.9,3.9,3.9,3.9,10.14,10.14,10.14,10.14
924,3.9,3.9,3.9,3.9,10.14,10.14,10.14,10.14
925,3.9,3.9,3.9,3.9,10.14,10.14,10.14,10.14
926,3.9,3.9,3.9,3.9,10.14,10.14,10.14,10.14
927,3.9,3.9,3.9,3.9,10.14,10.14,10.14,10.14
928,3.9,3.9,3.9,3.9,10.14,10.14,10.14,10.14
929,3.9,3.9,3.9,3.9,10.14,10.14,10.14,10.14
930,3.9,3.9,3.9,3.9,10.14,10.14,10.14,10.14
931,3.9,3.9,3.9,3.9,10.14,10.14,10.14,10.14
932,3.9,3.9,3.9,3.9,10.14,10.14,10.14,10.14
933,3.9,3.9,3.9,3.9,10.14,10.14,10.14,10.14
934,3.9,3.9,3.9,3.9,10.14,10.14,10.14,10.14
935,3.9,3.9,3.9,3.9,10.14,10.14,10.14,10.14
936,3.9,3.9,3.9,3.9,10.14,10.14,10.14,10.14
937,3.9,3.9,3.9,3.9,10.14,10.14,10.14,10.14
938,3.9,3.9,3.9,3.9,10.14,10.14,10.14,10.14
939,3.9,3.9,3.9,3.9,10.14,10.14,10.14,10.14
940,3.9,3.9,3.9,3.9,10.14,10.14,10.14,10.14
941,3.9,3.9,3.9,3.9,10.14,10.14,10.14,10.14
942,3.9,3.9,3.9,3.9,10.14,10.14,10.14,10.14
948,3.9,3.9,3.9,3.9,10.14,10.14,10.14,10.14
952,3.9,3.9,3.9,3.9,10.14,10.14,10.14,10.14
957,3.9,3.9,3.9,3.9,10.14,10.14,10.14,10.14
961,3.9,3.9,3.9,3.9,10.14,10.14,10.14,10.14
962,3.9,3.9,3.9,3.9,10.14,10.14,10.14,10.14
963,3.9,3.9,3.9,3.9,10.14,10.14,10.14,10.14
964,3.9,3.9,3.9,3.9,10.14,10.14,10.14,10.14
965,3.9,3.9,3.9,3.9,10.14,10.14,10.14,10.14
966,3.9,3.9,3.9,3.9,10.14,10.14,10.14,10.14
969,3.9,3.9,3.9,3.9,10.14,10.14,10.14,10.14
970,3.9,3.9,3.9,3.9,10.14,10.14,10.14,10.14
971,3.9,3.9,3.9,3.9,10.14,10.14,10.14,10.14
972,3.9,3.9,3.9,3.9,10.14,10.14,10.14,10.14
975,3.9,3.9,3.9,3.9,10.14,10.14,10.14,10.14
976,3.9,3.9,3.9,3.9,10.14,10.14,10.14,10.14
978,3.9,3.9,3.9,3.9,10.14,10.14,10.14,10.14
980,3.9,3.9,3.9,3.9,10.14,10.14,10.14,10.14
981,3.9,3.9,3.9,3.9,10.14,10.14,10.14,10.14
982,3.9,3.9,3.9,3.9,10.14,10.14,10.14,10.14
983,3.9,3.9,3.9,3.9,10.14,10.14,10.14,10.14
984,3.9,3.9,3.9,3.9,10.14,10.14,10.14,10.14
985,3.9,3.9,3.9,3.9,10.14,10.14,10.14,10.14
987,3.9,3.9,3.9,3.9,10.14,10.14,10.14,10.14
988,3.9,3.9,3.9,3.9,10.14,10.14,10.14,10.14
989,3.9,3.9,3.9,3.9,10.14,10.14,10.14,10.14
990,3.9,3.9,3.9,3.9,10.14,10.14,10.14,10.14
993,3.9,3.9,3.9,3.9,10.14,10.14,10.14,10.14
994,3.9,3.9,3.9,3.9,10.14,10.14,10.14,10.14
995,3.9,3.9,3.9,3.9,10.14,10.14,10.14,10.14
997,3.9,3.9,3.9,3.9,10.14,10.14,10.14,10.14
998,3.9,3.9,3.9,3.9,10.14,10.14,10.14,10.14
999,3.9,3.9,3.9,3.9,10.14,10.14,10.14,10.14
1099,3.9,3.9,3.9,3.9,10.14,10.14,10.14,10.14
1100,3.9,3.9,3.9,3.9,10.14,10.14,10.14,10.14
1108,3.9,3.9,3.9,3.9,10.14,10.14,10.14,10.14
1134,3.9,3.9,3.9,3.9,10.14,10.14,10.14,10.14
1135,3.9,3.9,3.9,3.9,10.14,10.14,10.14,10.14
1136,3.9,3.9,3.9,3.9,10.14,10.14,10.14,10.14
1137,3.9,3.9,3.9,3.9,10.14,10.14,10.14,10.14
1138,3.9,3.9,3.9,3.9,10.14,10.14,10.14,10.14
1139,3.9,3.9,3.9,3.9,10.14,10.14,10.14,10.14
1140,3.9,3.9,3.9,3.9,10.14,10.14,10.14,10.14
1141,3.9,3.9,3.9,3.9,10.14,10.14,10.14,10.14
1142,3.9,3.9,3.9,3.9,10.14,10.14,10.14,10.14
1143,3.9,3.9,3.9,3.9,10.14,10.14,10.14,10.14
1144,3.9,3.9,3.9,3.9,10.14,10.14,10.14,10.14
1145,3.9,3.9,3.9,3.9,10.14,10.14,10.14,10.14
1146,3.9,3.9,3.9,3.9,10.14,10.14,10.14,10.14
1147,3.9,3.9,3.9,3.9,10.14,10.14,10.14,10.14
1148,3.9,3.9,3.9,3.9,10.14,10.14,10.14,10.14
1149,3.9,3.9,3.9,3.9,10.14,10.14,10.14,10.14
1150,3.9,3.9,3.9,3.9,10.14,10.14,10.14,10.14
1153,3.9,3.9,3.9,3.9,10.14,10.14,10.14,10.14
1168,3.9,3.9,3.9,3.9,10.14,10.14,10.14,10.14
1193,3.9,3.9,3.9,3.9,10.14,10.14,10.14,10.14
1200,3.9,3.9,3.9,3.9,10.14,10.14,10.14,10.14
1212,3.9,3.9,3.9,3.9,10.14,10.14,10.14,10.14
1225,3.9,3.9,3.9,3.9,10.14,10.14,10.14,10.14
1228,3.9,3.9,3.9,3.9,10.14,10.14,10.14,10.14
1229,3.9,3.9,3.9,3.9,10.14,10.14,10.14,10.14
1231,3.9,3.9,3.9,3.9,10.14,10.14,10.14,10.14
1233,3.9,3.9,3.9,3.9,10.14,10.14,10.14,10.14
1234,3.9,3.9,3.9,3.9,10.14,10.14,10.14,10.14
1235,3.9,3.9,3.9,3.9,10.14,10.14,10.14,10.14
1236,3.9,3.9,3.9,3.9,10.14,10.14,10.14,10.14
1238,3.9,3.9,3.9,3.9,10.14,10.14,10.14,10.14
1239,3.9,3.9,3.9,3.9,10.14,10.14,10.14,10.14
1244,3.9,3.9,3.9,3.9,10.14,10.14,10.14,10.14
1246,3.9,3.9,3.9,3.9,10.14,10.14,10.14,10.14
1247,3.9,3.9,3.9,3.9,10.14,10.14,10.14,10.14
1252,3.9,3.9,3.9,3.9,10.14,10.14,10.14,10.14
1254,3.9,3.9,3.9,3.9,10.14,10.14,10.14,10.14
1258,3.9,3.9,3.9,3.9,10.14,10.14,10.14,10.14
1259,3.9,3.9,3.9,3.9,10.14,10.14,10.14,10.14
1261,3.9,3.9,3.9,3.9,10.14,10.14,10.14,10.14
1262,3.9,3.9,3.9,3.9,10.14,10.14,10.14,10.14
1263,3.9,3.9,3.9,3.9,10.14,10.14,10.14,10.14
1264,3.9,3.9,3.9,3.9,10.14,10.14,10.14,10.14
1265,3.9,3.9,3.9,3.9,10.14,10.14,10.14,10.14
1266,3.9,3.9,3.9,3.9,10.14,10.14,10.14,10.14
1267,3.9,3.9,3.9,3.9,10.14,10.14,10.14,10.14
1268,3.9,3.9,3.9,3.9,10.14,10.14,10.14,10.14
1269,3.9,3.9,3.9,3.9,10.14,10.14,10.14,10.14
1270,3.9,3.9,3.9,3.9,10.14,10.14,10.14,10.14
1271,3.9,3.9,3.9,3.9,10.14,10.14,10.14,10.14
1272,3.9,3.9,3.9,3.9,10.14,10.14,10.14,10.14
1273,3.9,3.9,3.9,3.9,10.14,10.14,10.14,10.14
1274,3.9,3.9,3.9,3.9,10.14,10.14,10.14,10.14
1275,3.9,3.9,3.9,3.9,10.14,10.14,10.14,10.14
1276,3.9,3.9,3.9,3.9,10.14,10.14,10.14,10.14
1277,3.9,3.9,3.9,3.9,10.14,10.14,10.14,10.14
1311,3.9,3.9,3.9,3.9,10.14,10.14,10.14,10.14
1314,3.9,3.9,3.9,3.9,10.14,10.14,10.14,10.14
1320,3.9,3.9,3.9,3.9,10.14,10.14,10.14,10.14
1326,3.9,3.9,3.9,3.9,10.14,10.14,10.14,10.14
1334,3.9,3.9,3.9,3.9,10.14,10.14,10.14,10.14
1340,3.9,3.9,3.9,3.9,10.14,10.14,10.14,10.14
1344,3.9,3.9,3.9,3.9,10.14,10.14,10.14,10.14
1348,3.9,3.9,3.9,3.9,10.14,10.14,10.14,10.14
1353,3.9,3.9,3.9,3.9,10.14,10.14,10.14,10.14
1356,3.9,3.9,3.9,3.9,10.14,10.14,10.14,10.14
1357,3.9,3.9,3.9,3.9,10.14,10.14,10.14,10.14
1365,3.9,3.9,3.9,3.9,10.14,10.14,10.14,10.14
1366,3.9,3.9,3.9,3.9,10.14,10.14,10.14,10.14
1368,3.9,3.9,3.9,3.9,10.14,10.14,10.14,10.14
1371,3.9,3.9,3.9,3.9,10.14,10.14,10.14,10.14
1372,3.9,3.9,3.9,3.9,10.14,10.14,10.14,10.14
1376,3.9,3.9,3.9,3.9,10.14,10.14,10.14,10.14
1394,3.9,3.9,3.9,3.9,10.14,10.14,10.14,10.14
1448,3.9,3.9,3.9,3.9,10.14,10.14,10.14,10.14
1492,3.9,3.9,3.9,3.9,10.14,10.14,10.14,10.14
1494,3.9,3.9,3.9,3.9,10.14,10.14,10.14,10.14
1507,3.9,3.9,3.9,3.9,10.14,10.14,10.14,10.14
1510,3.9,3.9,3.9,3.9,10.14,10.14,10.14,10.14
1514,3.9,3.9,3.9,3.9,10.14,10.14,10.14,10.14
1515,3.9,3.9,3.9,3.9,10.14,10.14,10.14,10.14
1516,3.9,3.9,3.9,3.9,10.14,10.14,10.14,10.14
1519,3.9,3.9,3.9,3.9,10.14,10.14,10.14,10.14
1522,3.9,3.9,3.9,3.9,10.14,10.14,10.14,10.14
1525,3.9,3.9,3.9,3.9,10.14,10.14,10.14,10.14
1556,3.9,3.9,3.9,3.9,10.14,10.14,10.14,10.14
1561,3.9,3.9,3.9,3.9,10.14,10.14,10.14,10.14
1565,3.9,3.9,3.9,3.9,10.14,10.14,10.14,10.14
1585,3.9,3.9,3.9,3.9,10.14,10.14,10.14,10.14
1589,3.9,3.9,3.9,3.9,10.14,10.14,10.14,10.14
1592,3.9,3.9,3.9,3.9,10.14,10.14,10.14,10.14
1612,3.9,3.9,3.9,3.9,10.14,10.14,10.14,10.14
1624,3.9,3.9,3.9,3.9,10.14,10.14,10.14,10.14
1625,3.9,3.9,3.9,3.9,10.14,10.14,10.14,10.14
1637,3.9,3.9,3.9,3.9,10.14,10.14,10.14,10.14
1638,3.9,3.9,3.9,3.9,10.14,10.14,10.14,10.14
1640,3.9,3.9,3.9,3.9,10.14,10.14,10.14,10.14
1646,3.9,3.9,3.9,3.9,10.14,10.14,10.14,10.14
1657,3.9,3.9,3.9,3.9,10.14,10.14,10.14,10.14
1670,3.9,3.9,3.9,3.9,10.14,10.14,10.14,10.14
1681,3.9,3.9,3.9,3.9,10.14,10.14,10.14,10.14
1688,3.9,3.9,3.9,3.9,10.14,10.14,10.14,10.14
1695,3.9,3.9,3.9,3.9,10.14,10.14,10.14,10.14
1714,3.9,3.9,3.9,3.9,10.14,10.14,10.14,10.14
1715,3.9,3.9,3.9,3.9,10.14,10.14,10.14,10.14
1717,3.9,3.9,3.9,3.9,10.14,10.14,10.14,10.14
1718,3.9,3.9,3.9,3.9,10.14,10.14,10.14,10.14
1720,3.9,3.9,3.9,3.9,10.14,10.14,10.14,10.14
1722,3.9,3.9,3.9,3.9,10.14,10.14,10.14,10.14
1724,3.9,3.9,3.9,3.9,10.14,10.14,10.14,10.14
1727,3.9,3.9,3.9,3.9,10.14,10.14,10.14,10.14
1731,3.9,3.9,3.9,3.9,10.14,10.14,10.14,10.14
1732,3.9,3.9,3.9,3.9,10.14,10.14,10.14,10.14
1733,3.9,3.9,3.9,3.9,10.14,10.14,10.14,10.14
1735,3.9,3.9,3.9,3.9,10.14,10.14,10.14,10.14
1740,3.9,3.9,3.9,3.9,10.14,10.14,10.14,10.14
1744,3.9,3.9,3.9,3.9,10.14,10.14,10.14,10.14
1747,3.9,3.9,3.9,3.9,10.14,10.14,10.14,10.14
1749,3.9,3.9,3.9,3.9,10.14,10.14,10.14,10.14
1750,3.9,3.9,3.9,3.9,10.14,10.14,10.14,10.14
1751,3.9,3.9,3.9,3.9,10.14,10.14,10.14,10.14
1758,3.9,3.9,3.9,3.9,10.14,10.14,10.14,10.14
1759,3.9,3.9,3.9,3.9,10.14,10.14,10.14,10.14
1760,3.9,3.9,3.9,3.9,10.14,10.14,10.14,10.14
1768,3.9,3.9,3.9,3.9,10.14,10.14,10.14,10.14
1815,3.9,3.9,3.9,3.9,10.14,10.14,10.14,10.14
1816,3.9,3.9,3.9,3.9,10.14,10.14,10.14,10.14
1817,3.9,3.9,3.9,3.9,10.14,10.14,10.14,10.14
1818,3.9,3.9,3.9,3.9,10.14,10.14,10.14,10.14
1819,3.9,3.9,3.9,3.9,10.14,10.14,10.14,10.14
1820,3.9,3.9,3.9,3.9,10.14,10.14,10.14,10.14
1821,3.9,3.9,3.9,3.9,10.14,10.14,10.14,10.14
1822,3.9,3.9,3.9,3.9,10.14,10.14,10.14,10.14
1823,3.9,3.9,3.9,3.9,10.14,10.14,10.14,10.14
1824,3.9,3.9,3.9,3.9,10.14,10.14,10.14,10.14
1825,3.9,3.9,3.9,3.9,10.14,10.14,10.14,10.14
1826,3.9,3.9,3.9,3.9,10.14,10.14,10.14,10.14
1827,3.9,3.9,3.9,3.9,10.14,10.14,10.14,10.14
1828,3.9,3.9,3.9,3.9,10.14,10.14,10.14,10.14
1829,3.9,3.9,3.9,3.9,10.14,10.14,10.14,10.14
1830,3.9,3.9,3.9,3.9,10.14,10.14,10.14,10.14
1831,3.9,3.9,3.9,3.9,10.14,10.14,10.14,10.14
1832,3.9,3.9,3.9,3.9,10.14,10.14,10.14,10.14
1833,3.9,3.9,3.9,3.9,10.14,10.14,10.14,10.14
1834,3.9,3.9,3.9,3.9,10.14,10.14,10.14,10.14
1835,3.9,3.9,3.9,3.9,10.14,10.14,10.14,10.14
1836,3.9,3.9,3.9,3.9,10.14,10.14,10.14,10.14
1837,3.9,3.9,3.9,3.9,10.14,10.14,10.14,10.14
1838,3.9,3.9,3.9,3.9,10.14,10.14,10.14,10.14
1839,3.9,3.9,3.9,3.9,10.14,10.14,10.14,10.14
1840,3.9,3.9,3.9,3.9,10.14,10.14,10.14,10.14
1841,3.9,3.9,3.9,3.9,10.14,10.14,10.14,10.14
1842,3.9,3.9,3.9,3.9,10.14,10.14,10.14,10.14
1843,3.9,3.9,3.9,3.9,10.14,10.14,10.14,10.14
1844,3.9,3.9,3.9,3.9,10.14,10.14,10.14,10.14
1845,3.9,3.9,3.9,3.9,10.14,10.14,10.14,10.14
1846,3.9,3.9,3.9,3.9,10.14,10.14,10.14,10.14
1847,3.9,3.9,3.9,3.9,10.14,10.14,10.14,10.14
1848,3.9,3.9,3.9,3.9,10.14,10.14,10.14,10.14
1849,3.9,3.9,3.9,3.9,10.14,10.14,10.14,10.14
1850,3.9,3.9,3.9,3.9,10.14,10.14,10.14,10.14
1851,3.9,3.9,3.9,3.9,10.14,10.14,10.14,10.14
1852,3.9,3.9,3.9,3.9,10.14,10.14,10.14,10.14
1853,3.9,3.9,3.9,3.9,10.14,10.14,10.14,10.14
1854,3.9,3.9,3.9,3.9,10.14,10.14,10.14,10.14
1855,3.9,3.9,3.9,3.9,10.14,10.14,10.14,10.14
1856,3.9,3.9,3.9,3.9,10.14,10.14,10.14,10.14
1857,3.9,3.9,3.9,3.9,10.14,10.14,10.14,10.14
1858,3.9,3.9,3.9,3.9,10.14,10.14,10.14,10.14
1859,3.9,3.9,3.9,3.9,10.14,10.14,10.14,10.14
1860,3.9,3.9,3.9,3.9,10.14,10.14,10.14,10.14
1861,3.9,3.9,3.9,3.9,10.14,10.14,10.14,10.14
1862,3.9,3.9,3.9,3.9,10.14,10.14,10.14,10.14
1863,3.9,3.9,3.9,3.9,10.14,10.14,10.14,10.14
1864,3.9,3.9,3.9,3.9,10.14,10.14,10.14,10.14
1865,3.9,3.9,3.9,3.9,10.14,10.14,10.14,10.14
1866,3.9,3.9,3.9,3.9,10.14,10.14,10.14,10.14
1867,3.9,3.9,3.9,3.9,10.14,10.14,10.14,10.14
1868,3.9,3.9,3.9,3.9,10.14,10.14,10.14,10.14
1869,3.9,3.9,3.9,3.9,10.14,10.14,10.14,10.14
1870,3.9,3.9,3.9,3.9,10.14,10.14,10.14,10.14
1871,3.9,3.9,3.9,3.9,10.14,10.14,10.14,10.14
1872,3.9,3.9,3.9,3.9,10.14,10.14,10.14,10.14
1873,3.9,3.9,3.9,3.9,10.14,10.14,10.14,10.14
1874,3.9,3.9,3.9,3.9,10.14,10.14,10.14,10.14
1875,3.9,3.9,3.9,3.9,10.14,10.14,10.14,10.14
1876,3.9,3.9,3.9,3.9,10.14,10.14,10.14,10.14
1877,3.9,3.9,3.9,3.9,10.14,10.14,10.14,10.14
1878,3.9,3.9,3.9,3.9,10.14,10.14,10.14,10.14
1879,3.9,3.9,3.9,3.9,10.14,10.14,10.14,10.14
1880,3.9,3.9,3.9,3.9,10.14,10.14,10.14,10.14
1881,3.9,3.9,3.9,3.9,10.14,10.14,10.14,10.14
1882,3.9,3.9,3.9,3.9,10.14,10.14,10.14,10.14
1883,3.9,3.9,3.9,3.9,10.14,10.14,10.14,10.14
1884,3.9,3.9,3.9,3.9,10.14,10.14,10.14,10.14
1885,3.9,3.9,3.9,3.9,10.14,10.14,10.14,10.14
1886,3.9,3.9,3.9,3.9,10.14,10.14,10.14,10.14
1887,3.9,3.9,3.9,3.9,10.14,10.14,10.14,10.14
1888,3.9,3.9,3.9,3.9,10.14,10.14,10.14,10.14
1889,3.9,3.9,3.9,3.9,10.14,10.14,10.14,10.14
1890,3.9,3.9,3.9,3.9,10.14,10.14,10.14,10.14
1891,3.9,3.9,3.9,3.9,10.14,10.14,10.14,10.14
1892,3.9,3.9,3.9,3.9,10.14,10.14,10.14,10.14
1893,3.9,3.9,3.9,3.9,10.14,10.14,10.14,10.14
1894,3.9,3.9,3.9,3.9,10.14,10.14,10.14,10.14
1895,3.9,3.9,3.9,3.9,10.14,10.14,10.14,10.14
1896,3.9,3.9,3.9,3.9,10.14,10.14,10.14,10.14
1897,3.9,3.9,3.9,3.9,10.14,10.14,10.14,10.14
1898,3.9,3.9,3.9,3.9,10.14,10.14,10.14,10.14
1899,3.9,3.9,3.9,3.9,10.14,10.14,10.14,10.14
1900,3.9,3.9,3.9,3.9,10.14,10.14,10.14,10.14
1901,3.9,3.9,3.9,3.9,10.14,10.14,10.14,10.14
1902,3.9,3.9,3.9,3.9,10.14,10.14,10.14,10.14
1903,3.9,3.9,3.9,3.9,10.14,10.14,10.14,10.14
1904,3.9,3.9,3.9,3.9,10.14,10.14,10.14,10.14
1905,3.9,3.9,3.9,3.9,10.14,10.14,10.14,10.14
1906,3.9,3.9,3.9,3.9,10.14,10.14,10.14,10.14
1907,3.9,3.9,3.9,3.9,10.14,10.14,10.14,10.14
1908,3.9,3.9,3.9,3.9,10.14,10.14,10.14,10.14
1909,3.9,3.9,3.9,3.9,10.14,10.14,10.14,10.14
1910,3.9,3.9,3.9,3.9,10.14,10.14,10.14,10.14
1928,3.9,3.9,3.9,3.9,10.14,10.14,10.14,10.14
1929,3.9,3.9,3.9,3.9,10.14,10.14,10.14,10.14
1930,3.9,3.9,3.9,3.9,10.14,10.14,10.14,10.14
1931,3.9,3.9,3.9,3.9,10.14,10.14,10.14,10.14
1932,3.9,3.9,3.9,3.9,10.14,10.14,10.14,10.14
1933,3.9,3.9,3.9,3.9,10.14,10.14,10.14,10.14
1934,3.9,3.9,3.9,3.9,10.14,10.14,10.14,10.14
1935,3.9,3.9,3.9,3.9,10.14,10.14,10.14,10.14
1936,3.9,3.9,3.9,3.9,10.14,10.14,10.14,10.14
1937,3.9,3.9,3.9,3.9,10.14,10.14,10.14,10.14
1938,3.9,3.9,3.9,3.9,10.14,10.14,10.14,10.14
1939,3.9,3.9,3.9,3.9,10.14,10.14,10.14,10.14
1940,3.9,3.9,3.9,3.9,10.14,10.14,10.14,10.14
1941,3.9,3.9,3.9,3.9,10.14,10.14,10.14,10.14
1942,3.9,3.9,3.9,3.9,10.14,10.14,10.14,10.14
1943,3.9,3.9,3.9,3.9,10.14,10.14,10.14,10.14
1944,3.9,3.9,3.9,3.9,10.14,10.14,10.14,10.14
1945,3.9,3.9,3.9,3.9,10.14,10.14,10.14,10.14
1946,3.9,3.9,3.9,3.9,10.14,10.14,10.14,10.14
1947,3.9,3.9,3.9,3.9,10.14,10.14,10.14,10.14
1948,3.9,3.9,3.9,3.9,10.14,10.14,10.14,10.14
1949,3.9,3.9,3.9,3.9,10.14,10.14,10.14,10.14
1950,3.9,3.9,3.9,3.9,10.14,10.14,10.14,10.14
1951,3.9,3.9,3.9,3.9,10.14,10.14,10.14,10.14
1952,3.9,3.9,3.9,3.9,10.14,10.14,10.14,10.14
1953,3.9,3.9,3.9,3.9,10.14,10.14,10.14,10.14
1954,3.9,3.9,3.9,3.9,10.14,10.14,10.14,10.14
1955,3.9,3.9,3.9,3.9,10.14,10.14,10.14,10.14
1956,3.9,3.9,3.9,3.9,10.14,10.14,10.14,10.14
1957,3.9,3.9,3.9,3.9,10.14,10.14,10.14,10.14
1958,3.9,3.9,3.9,3.9,10.14,10.14,10.14,10.14
1959,3.9,3.9,3.9,3.9,10.14,10.14,10.14,10.14
1960,3.9,3.9,3.9,3.9,10.14,10.14,10.14,10.14
1961,3.9,3.9,3.9,3.9,10.14,10.14,10.14,10.14
1962,3.9,3.9,3.9,3.9,10.14,10.14,10.14,10.14
1963,3.9,3.9,3.9,3.9,10.14,10.14,10.14,10.14
1964,3.9,3.9,3.9,3.9,10.14,10.14,10.14,10.14
1965,3.9,3.9,3.9,3.9,10.14,10.14,10.14,10.14
1966,3.9,3.9,3.9,3.9,10.14,10.14,10.14,10.14
1967,3.9,3.9,3.9,3.9,10.14,10.14,10.14,10.14
1968,3.9,3.9,3.9,3.9,10.14,10.14,10.14,10.14
1969,3.9,3.9,3.9,3.9,10.14,10.14,10.14,10.14
1970,3.9,3.9,3.9,3.9,10.14,10.14,10.14,10.14
1971,3.9,3.9,3.9,3.9,10.14,10.14,10.14,10.14
1972,3.9,3.9,3.9,3.9,10.14,10.14,10.14,10.14
1973,3.9,3.9,3.9,3.9,10.14,10.14,10.14,10.14
1974,3.9,3.9,3.9,3.9,10.14,10.14,10.14,10.14
1975,3.9,3.9,3.9,3.9,10.14,10.14,10.14,10.14
1976,3.9,3.9,3.9,3.9,10.14,10.14,10.14,10.14
1977,3.9,3.9,3.9,3.9,10.14,10.14,10.14,10.14
1978,3.9,3.9,3.9,3.9,10.14,10.14,10.14,10.14
1979,3.9,3.9,3.9,3.9,10.14,10.14,10.14,10.14
1980,3.9,3.9,3.9,3.9,10.14,10.14,10.14,10.14
1981,3.9,3.9,3.9,3.9,10.14,10.14,10.14,10.14
1982,3.9,3.9,3.9,3.9,10.14,10.14,10.14,10.14
1983,3.9,3.9,3.9,3.9,10.14,10.14,10.14,10.14
1984,3.9,3.9,3.9,3.9,10.14,10.14,10.14,10.14
1985,3.9,3.9,3.9,3.9,10.14,10.14,10.14,10.14
1986,3.9,3.9,3.9,3.9,10.14,10.14,10.14,10.14
1987,3.9,3.9,3.9,3.9,10.14,10.14,10.14,10.14
1988,3.9,3.9,3.9,3.9,10.14,10.14,10.14,10.14
1989,3.9,3.9,3.9,3.9,10.14,10.14,10.14,10.14
1990,3.9,3.9,3.9,3.9,10.14,10.14,10.14,10.14
1991,3.9,3.9,3.9,3.9,10.14,10.14,10.14,10.14
1992,3.9,3.9,3.9,3.9,10.14,10.14,10.14,10.14
1993,3.9,3.9,3.9,3.9,10.14,10.14,10.14,10.14
1994,3.9,3.9,3.9,3.9,10.14,10.14,10.14,10.14
1995,3.9,3.9,3.9,3.9,10.14,10.14,10.14,10.14
1996,3.9,3.9,3.9,3.9,10.14,10.14,10.14,10.14
1997,3.9,3.9,3.9,3.9,10.14,10.14,10.14,10.14
1998,3.9,3.9,3.9,3.9,10.14,10.14,10.14,10.14
1999,3.9,3.9,3.9,3.9,10.14,10.14,10.14,10.14
2005,3.9,3.9,3.9,3.9,10.14,10.14,10.14,10.14
2006,3.9,3.9,3.9,3.9,10.14,10.14,10.14,10.14
2007,3.9,3.9,3.9,3.9,10.14,10.14,10.14,10.14
2008,3.9,3.9,3.9,3.9,10.14,10.14,10.14,10.14
2009,3.9,3.9,3.9,3.9,10.14,10.14,10.14,10.14
2010,3.9,3.9,3.9,3.9,10.14,10.14,10.14,10.14
2011,3.9,3.9,3.9,3.9,10.14,10.14,10.14,10.14
2012,3.9,3.9,3.9,3.9,10.14,10.14,10.14,10.14
2013,3.9,3.9,3.9,3.9,10.14,10.14,10.14,10.14
2014,3.9,3.9,3.9,3.9,10.14,10.14,10.14,10.14
2015,3.9,3.9,3.9,3.9,10.14,10.14,10.14,10.14
2016,3.9,3.9,3.9,3.9,10.14,10.14,10.14,10.14
2020,3.9,3.9,3.9,3.9,10.14,10.14,10.14,10.14
2021,3.9,3.9,3.9,3.9,10.14,10.14,10.14,10.14
2022,3.9,3.9,3.9,3.9,10.14,10.14,10.14,10.14
2023,3.9,3.9,3.9,3.9,10.14,10.14,10.14,10.14
2024,3.9,3.9,3.9,3.9,10.14,10.14,10.14,10.14
2025,3.9,3.9,3.9,3.9,10.14,10.14,10.14,10.14
2026,3.9,3.9,3.9,3.9,10.14,10.14,10.14,10.14
2027,3.9,3.9,3.9,3.9,10.14,10.14,10.14,10.14
2028,3.9,3.9,3.9,3.9,10.14,10.14,10.14,10.14
2029,3.9,3.9,3.9,3.9,10.14,10.14,10.14,10.14
2030,3.9,3.9,3.9,3.9,10.14,10.14,10.14,10.14
2031,3.9,3.9,3.9,3.9,10.14,10.14,10.14,10.14
2032,3.9,3.9,3.9,3.9,10.14,10.14,10.14,10.14
2033,3.9,3.9,3.9,3.9,10.14,10.14,10.14,10.14
2034,3.9,3.9,3.9,3.9,10.14,10.14,10.14,10.14
2037,3.9,3.9,3.9,3.9,10.14,10.14,10.14,10.14
2038,3.9,3.9,3.9,3.9,10.14,10.14,10.14,10.14
2039,3.9,3.9,3.9,3.9,10.14,10.14,10.14,10.14
2040,3.9,3.9,3.9,3.9,10.14,10.14,10.14,10.14
2041,3.9,3.9,3.9,3.9,10.14,10.14,10.14,10.14
2042,3.9,3.9,3.9,3.9,10.14,10.14,10.14,10.14
2043,3.9,3.9,3.9,3.9,10.14,10.14,10.14,10.14
2044,3.9,3.9,3.9,3.9,10.14,10.14,10.14,10.14
2045,3.9,3.9,3.9,3.9,10.14,10.14,10.14,10.14
2046,3.9,3.9,3.9,3.9,10.14,10.14,10.14,10.14
2047,3.9,3.9,3.9,3.9,10.14,10.14,10.14,10.14
2048,3.9,3.9,3.9,3.9,10.14,10.14,10.14,10.14
2049,3.9,3.9,3.9,3.9,10.14,10.14,10.14,10.14
2050,3.9,3.9,3.9,3.9,10.14,10.14,10.14,10.14
2051,3.9,3.9,3.9,3.9,10.14,10.14,10.14,10.14
2052,3.9,3.9,3.9,3.9,10.14,10.14,10.14,10.14
2053,3.9,3.9,3.9,3.9,10.14,10.14,10.14,10.14
2055,3.9,3.9,3.9,3.9,10.14,10.14,10.14,10.14
2056,3.9,3.9,3.9,3.9,10.14,10.14,10.14,10.14
2057,3.9,3.9,3.9,3.9,10.14,10.14,10.14,10.14
2058,3.9,3.9,3.9,3.9,10.14,10.14,10.14,10.14
2059,3.9,3.9,3.9,3.9,10.14,10.14,10.14,10.14
2060,3.9,3.9,3.9,3.9,10.14,10.14,10.14,10.14
2078,3.9,3.9,3.9,3.9,10.14,10.14,10.14,10.14
2098,3.9,3.9,3.9,3.9,10.14,10.14,10.14,10.14
2100,3.9,3.9,3.9,3.9,10.14,10.14,10.14,10.14
2109,3.9,3.9,3.9,3.9,10.14,10.14,10.14,10.14
2110,3.9,3.9,3.9,3.9,10.14,10.14,10.14,10.14
2113,3.9,3.9,3.9,3.9,10.14,10.14,10.14,10.14
2114,3.9,3.9,3.9,3.9,10.14,10.14,10.14,10.14
2121,3.9,3.9,3.9,3.9,10.14,10.14,10.14,10.14
2132,3.9,3.9,3.9,3.9,10.14,10.14,10.14,10.14
2153,3.9,3.9,3.9,3.9,10.14,10.14,10.14,10.14
2154,3.9,3.9,3.9,3.9,10.14,10.14,10.14,10.14
2156,3.9,3.9,3.9,3.9,10.14,10.14,10.14,10.14
2157,3.9,3.9,3.9,3.9,10.14,10.14,10.14,10.14
2158,3.9,3.9,3.9,3.9,10.14,10.14,10.14,10.14
2160,3.9,3.9,3.9,3.9,10.14,10.14,10.14,10.14
2161,3.9,3.9,3.9,3.9,10.14,10.14,10.14,10.14
2162,3.9,3.9,3.9,3.9,10.14,10.14,10.14,10.14
2165,3.9,3.9,3.9,3.9,10.14,10.14,10.14,10.14
2167,3.9,3.9,3.9,3.9,10.14,10.14,10.14,10.14
2168,3.9,3.9,3.9,3.9,10.14,10.14,10.14,10.14
2170,3.9,3.9,3.9,3.9,10.14,10.14,10.14,10.14
2182,3.9,3.9,3.9,3.9,10.14,10.14,10.14,10.14
2190,3.9,3.9,3.9,3.9,10.14,10.14,10.14,10.14
2200,3.9,3.9,3.9,3.9,10.14,10.14,10.14,10.14
2201,3.9,3.9,3.9,3.9,10.14,10.14,10.14,10.14
2236,3.9,3.9,3.9,3.9,10.14,10.14,10.14,10.14
2270,3.9,3.9,3.9,3.9,10.14,10.14,10.14,10.14
2284,3.9,3.9,3.9,3.9,10.14,10.14,10.14,10.14
2303,3.9,3.9,3.9,3.9,10.14,10.14,10.14,10.14
2304,3.9,3.9,3.9,3.9,10.14,10.14,10.14,10.14
2305,3.9,3.9,3.9,3.9,10.14,10.14,10.14,10.14
2306,3.9,3.9,3.9,3.9,10.14,10.14,10.14,10.14
2307,3.9,3.9,3.9,3.9,10.14,10.14,10.14,10.14
2310,3.9,3.9,3.9,3.9,10.14,10.14,10.14,10.14
2338,3.9,3.9,3.9,3.9,10.14,10.14,10.14,10.14
2380,3.9,3.9,3.9,3.9,10.14,10.14,10.14,10.14
2384,3.9,3.9,3.9,3.9,10.14,10.14,10.14,10.14
2385,3.9,3.9,3.9,3.9,10.14,10.14,10.14,10.14
2386,3.9,3.9,3.9,3.9,10.14,10.14,10.14,10.14
2387,3.9,3.9,3.9,3.9,10.14,10.14,10.14,10.14
2388,3.9,3.9,3.9,3.9,10.14,10.14,10.14,10.14
2389,3.9,3.9,3.9,3.9,10.14,10.14,10.14,10.14
2390,3.9,3.9,3.9,3.9,10.14,10.14,10.14,10.14
2391,3.9,3.9,3.9,3.9,10.14,10.14,10.14,10.14
2392,3.9,3.9,3.9,3.9,10.14,10.14,10.14,10.14
2393,3.9,3.9,3.9,3.9,10.14,10.14,10.14,10.14
2394,3.9,3.9,3.9,3.9,10.14,10.14,10.14,10.14
2395,3.9,3.9,3.9,3.9,10.14,10.14,10.14,10.14
2396,3.9,3.9,3.9,3.9,10.14,10.14,10.14,10.14
2397,3.9,3.9,3.9,3.9,10.14,10.14,10.14,10.14
2398,3.9,3.9,3.9,3.9,10.14,10.14,10.14,10.14
2399,3.9,3.9,3.9,3.9,10.14,10.14,10.14,10.14
2406,3.9,3.9,3.9,3.9,10.14,10.14,10.14,10.14
2407,3.9,3.9,3.9,3.9,10.14,10.14,10.14,10.14
2408,3.9,3.9,3.9,3.9,10.14,10.14,10.14,10.14
2409,3.9,3.9,3.9,3.9,10.14,10.14,10.14,10.14
2410,3.9,3.9,3.9,3.9,10.14,10.14,10.14,10.14
2411,3.9,3.9,3.9,3.9,10.14,10.14,10.14,10.14
2412,3.9,3.9,3.9,3.9,10.14,10.14,10.14,10.14
2413,3.9,3.9,3.9,3.9,10.14,10.14,10.14,10.14
2414,3.9,3.9,3.9,3.9,10.14,10.14,10.14,10.14
2415,3.9,3.9,3.9,3.9,10.14,10.14,10.14,10.14
2416,3.9,3.9,3.9,3.9,10.14,10.14,10.14,10.14
2417,3.9,3.9,3.9,3.9,10.14,10.14,10.14,10.14
2418,3.9,3.9,3.9,3.9,10.14,10.14,10.14,10.14
2419,3.9,3.9,3.9,3.9,10.14,10.14,10.14,10.14
2421,3.9,3.9,3.9,3.9,10.14,10.14,10.14,10.14
2422,3.9,3.9,3.9,3.9,10.14,10.14,10.14,10.14
2423,3.9,3.9,3.9,3.9,10.14,10.14,10.14,10.14
2424,3.9,3.9,3.9,3.9,10.14,10.14,10.14,10.14
2426,3.9,3.9,3.9,3.9,10.14,10.14,10.14,10.14
2427,3.9,3.9,3.9,3.9,10.14,10.14,10.14,10.14
2428,3.9,3.9,3.9,3.9,10.14,10.14,10.14,10.14
2429,3.9,3.9,3.9,3.9,10.14,10.14,10.14,10.14
2431,3.9,3.9,3.9,3.9,10.14,10.14,10.14,10.14
2443,3.9,3.9,3.9,3.9,10.14,10.14,10.14,10.14
2457,3.9,3.9,3.9,3.9,10.14,10.14,10.14,10.14
2458,3.9,3.9,3.9,3.9,10.14,10.14,10.14,10.14
2459,3.9,3.9,3.9,3.9,10.14,10.14,10.14,10.14
2461,3.9,3.9,3.9,3.9,10.14,10.14,10.14,10.14
2462,3.9,3.9,3.9,3.9,10.14,10.14,10.14,10.14
2463,3.9,3.9,3.9,3.9,10.14,10.14,10.14,10.14
2464,3.9,3.9,3.9,3.9,10.14,10.14,10.14,10.14
2465,3.9,3.9,3.9,3.9,10.14,10.14,10.14,10.14
2466,3.9,3.9,3.9,3.9,10.14,10.14,10.14,10.14
2467,3.9,3.9,3.9,3.9,10.14,10.14,10.14,10.14
2468,3.9,3.9,3.9,3.9,10.14,10.14,10.14,10.14
2469,3.9,3.9,3.9,3.9,10.14,10.14,10.14,10.14
2471,3.9,3.9,3.9,3.9,10.14,10.14,10.14,10.14
2472,3.9,3.9,3.9,3.9,10.14,10.14,10.14,10.14
2473,3.9,3.9,3.9,3.9,10.14,10.14,10.14,10.14
2474,3.9,3.9,3.9,3.9,10.14,10.14,10.14,10.14
2475,3.9,3.9,3.9,3.9,10.14,10.14,10.14,10.14
2476,3.9,3.9,3.9,3.9,10.14,10.14,10.14,10.14
2477,3.9,3.9,3.9,3.9,10.14,10.14,10.14,10.14
2478,3.9,3.9,3.9,3.9,10.14,10.14,10.14,10.14
2479,3.9,3.9,3.9,3.9,10.14,10.14,10.14,10.14
2480,3.9,3.9,3.9,3.9,10.14,10.14,10.14,10.14
2481,3.9,3.9,3.9,3.9,10.14,10.14,10.14,10.14
2482,3.9,3.9,3.9,3.9,10.14,10.14,10.14,10.14
2483,3.9,3.9,3.9,3.9,10.14,10.14,10.14,10.14
2484,3.9,3.9,3.9,3.9,10.14,10.14,10.14,10.14
2485,3.9,3.9,3.9,3.9,10.14,10.14,10.14,10.14
2486,3.9,3.9,3.9,3.9,10.14,10.14,10.14,10.14
2487,3.9,3.9,3.9,3.9,10.14,10.14,10.14,10.14
2488,3.9,3.9,3.9,3.9,10.14,10.14,10.14,10.14
2489,3.9,3.9,3.9,3.9,10.14,10.14,10.14,10.14
2500,3.9,3.9,3.9,3.9,10.14,10.14,10.14,10.14
2661,3.9,3.9,3.9,3.9,10.14,10.14,10.14,10.14
2703,3.9,3.9,3.9,3.9,10.14,10.14,10.14,10.14
2704,3.9,3.9,3.9,3.9,10.14,10.14,10.14,10.14
2709,3.9,3.9,3.9,3.9,10.14,10.14,10.14,10.14
2730,3.9,3.9,3.9,3.9,10.14,10.14,10.14,10.14
2741,3.9,3.9,3.9,3.9,10.14,10.14,10.14,10.14
3002,3.9,3.9,3.9,3.9,10.14,10.14,10.14,10.14
3274,3.9,3.9,3.9,3.9,10.14,10.14,10.14,10.14
3295,3.9,3.9,3.9,3.9,10.14,10.14,10.14,10.14
3420,3.9,3.9,3.9,3.9,10.14,10.14,10.14,10.14
9.82E+14,3.9,3.9,3.9,3.9,10.14,10.14,10.14,10.14
9.82E+14,3.9,3.9,3.9,3.9,10.14,10.14,10.14,10.14
9.85E+14,3.9,3.9,3.9,3.9,10.14,10.14,10.14,10.14
